file	type	token
.github/workflows/ci.yml	smoke	smoke
.p11a_backup_20260823_182743/pypsds/phase_linking/sequential_production.py	temporary	temporary
.p11a_backup_20260823_182743/pypsds/phase_linking/sequential_production.py	temporary	tmp
.p11a_backup_20260823_182743/pypsds/stages/run_phase_linking.py	temporary	tmp
.p11b1_backup_20260823_185416/pypsds/gamma/phase_correction.py	benchmark	benchmark
.p11b1_backup_20260823_185416/pypsds/stages/run_phase_linking.py	temporary	tmp
.p11b3_backup_20260823_190806/pypsds/gamma/phase_correction.py	P-stage	P11B-1
.p11b3_backup_20260823_190806/pypsds/gamma/phase_correction.py	benchmark	benchmark
.p11b3_backup_20260823_190806/pypsds/stages/run_phase_linking.py	P-stage	P11B-1
.p11b3_backup_20260823_190806/pypsds/stages/run_phase_linking.py	temporary	tmp
.p11b3v2_backup_20260823_191338/pypsds/gamma/phase_correction.py	P-stage	P11B-1
.p11b3v2_backup_20260823_191338/pypsds/gamma/phase_correction.py	benchmark	benchmark
.p11b3v2_backup_20260823_191338/pypsds/stages/run_phase_linking.py	P-stage	P11B-1
.p11b3v2_backup_20260823_191338/pypsds/stages/run_phase_linking.py	temporary	tmp
.p11d4_backup_20260823_214228/pypsds/runtime.py	P-stage	P11A
.p11d4_backup_20260823_214228/pypsds/runtime.py	P-stage	P11B
.p11d4_backup_20260823_214228/pypsds/runtime.py	benchmark	benchmark
.p11d4_backup_20260823_214228/pypsds/runtime.py	temporary	temporary
CHANGELOG.md	smoke	smoke
CHANGELOG.md	experiment	experiment
README.md	P-stage	P10
README.md	P-stage	P9
TEST_STATUS.txt	smoke	smoke
docs/DS_PRODUCTION_FREEZE_P9.md	P-stage	P10
docs/DS_PRODUCTION_FREEZE_P9.md	P-stage	P10A
docs/DS_PRODUCTION_FREEZE_P9.md	P-stage	P10B
docs/DS_PRODUCTION_FREEZE_P9.md	P-stage	P9
docs/DS_PRODUCTION_FREEZE_P9.md	P-stage	P9A
docs/DS_PRODUCTION_FREEZE_P9.md	P-stage	P9A-P9F
docs/DS_PRODUCTION_FREEZE_P9.md	P-stage	P9B
docs/DS_PRODUCTION_FREEZE_P9.md	P-stage	P9D
docs/DS_PRODUCTION_FREEZE_P9.md	P-stage	P9E
docs/DS_PRODUCTION_FREEZE_P9.md	P-stage	P9F
docs/DS_PRODUCTION_FREEZE_P9.md	benchmark	benchmark
docs/DS_PRODUCTION_FREEZE_P9.md	experiment	experimental
docs/PRODUCTION_STATUS.md	experiment	experiment
pypsds/gamma/phase_correction.py	P-stage	P11B-1
pypsds/gamma/phase_correction.py	P-stage	P11B-3
pypsds/gamma/phase_correction.py	benchmark	benchmark
pypsds/gamma/phase_correction.py	temporary	tmp
pypsds/phase_linking/phase_source.py	P-stage	P11B-1
pypsds/phase_linking/sequential_multistage.py	temporary	tmp
pypsds/phase_linking/sequential_production.py	temporary	temporary
pypsds/phase_linking/sequential_production.py	temporary	tmp
pypsds/runtime.py	P-stage	P11A
pypsds/runtime.py	P-stage	P11B
pypsds/runtime.py	P-stage	P11D-4
pypsds/runtime.py	benchmark	benchmark
pypsds/runtime.py	temporary	temporary
pypsds/stages/apply_reference.py	P-stage	p90
pypsds/stages/apply_reference.py	P-stage	p95
pypsds/stages/apply_reference.py	P-stage	p99
pypsds/stages/assess_spatial_anchor_quality.py	P-stage	p90
pypsds/stages/assess_spatial_anchor_quality.py	P-stage	p95
pypsds/stages/assess_spatial_anchor_quality.py	P-stage	p99
pypsds/stages/assess_spatial_components.py	P-stage	p90
pypsds/stages/assess_spatial_components.py	P-stage	p95
pypsds/stages/assess_spatial_components.py	P-stage	p99
pypsds/stages/assess_spatial_phase_gradient.py	P-stage	p90
pypsds/stages/assess_spatial_phase_gradient.py	P-stage	p90_abs
pypsds/stages/assess_spatial_phase_gradient.py	P-stage	p90_abs_rad
pypsds/stages/assess_spatial_phase_gradient.py	P-stage	p95
pypsds/stages/assess_spatial_phase_gradient.py	P-stage	p95_abs
pypsds/stages/assess_spatial_phase_gradient.py	P-stage	p95_abs_rad
pypsds/stages/assess_spatial_phase_gradient.py	P-stage	p99
pypsds/stages/assess_spatial_phase_gradient.py	P-stage	p99_abs
pypsds/stages/assess_spatial_phase_gradient.py	P-stage	p99_abs_rad
pypsds/stages/assess_unwrap_conflicts.py	P-stage	p90
pypsds/stages/assess_virtual_ifg_quality.py	temporary	Temporary
pypsds/stages/benchmark_adaptive_ifg_filter.py	P-stage	P10A
pypsds/stages/benchmark_adaptive_ifg_filter.py	P-stage	p90_abs_rad
pypsds/stages/benchmark_adaptive_ifg_filter.py	P-stage	p95
pypsds/stages/benchmark_adaptive_ifg_filter.py	P-stage	p95_abs_rad
pypsds/stages/benchmark_adaptive_ifg_filter.py	P-stage	p95_red
pypsds/stages/benchmark_adaptive_ifg_filter.py	P-stage	p99_abs_rad
pypsds/stages/benchmark_adaptive_ifg_filter.py	benchmark	benchmark
pypsds/stages/build_exact_support_cache.py	temporary	tmp
pypsds/stages/build_phase_linking_reliability_qa.py	P-stage	P9B
pypsds/stages/invert_timeseries.py	P-stage	p90
pypsds/stages/invert_timeseries.py	P-stage	p95
pypsds/stages/invert_timeseries.py	P-stage	p99
pypsds/stages/prepare_temporal_network.py	temporary	temporary
pypsds/stages/run_ds_tiled.py	benchmark	benchmark
pypsds/stages/run_ds_tiled.py	temporary	temporary
pypsds/stages/run_ds_tiled.py	temporary	tmp
pypsds/stages/run_ds_tiled.py	experiment	experimental
pypsds/stages/run_phase_linking.py	P-stage	P11B-1
pypsds/stages/run_phase_linking.py	temporary	tmp
pypsds/stages/unwrap_all_ifgs.py	P-stage	p95
pypsds/stages/unwrap_all_ifgs.py	P-stage	p99
tools/audit_compression_state_drop_impact.py	P-stage	p95
tools/audit_compression_state_drop_impact.py	P-stage	p99
tools/audit_compression_state_drop_impact.py	prototype	prototype
tools/audit_compression_state_fixed_point.py	P-stage	p95
tools/audit_compression_state_fixed_point.py	P-stage	p99
tools/audit_dense_compression_center_eligibility.py	P-stage	p95
tools/audit_k24_core_phase_stability.py	P-stage	p95
tools/audit_local_state_rescue_threshold.py	P-stage	p95
tools/audit_local_state_rescue_threshold.py	P-stage	p99
tools/audit_lowk_state_phase_stability.py	P-stage	p95
tools/audit_sequential_phase_coverage.py	temporary	temporary
tools/benchmark_emi_backends.py	benchmark	BENCHMARK
tools/benchmark_emi_backends.py	benchmark	bench
tools/benchmark_emi_backends.py	benchmark	benchmark
tools/benchmark_exact_support_cache.py	P-stage	p8d1_benchmark
tools/benchmark_exact_support_cache.py	benchmark	benchmark
tools/benchmark_phase_sim_parallel.py	benchmark	benchmark
tools/benchmark_shp_backends.py	benchmark	BENCHMARK
tools/benchmark_shp_backends.py	benchmark	benchmark
tools/release_gate.py	smoke	smoke
tools/tune_canonical_phase_parallel.py	benchmark	benchmark
tools/tune_ds_emi_cpu.py	benchmark	Benchmark
