component	file	absolute_path_hits	development_name_hits
point_geometry	production/geometry/point_geolocation.py	/home/ubuntu/:2	P15:4,PASS_:2,smoke:1
incidence_geometry	production/geometry/incidence.py	/home/ubuntu/:2	P15:3,PASS_:3,benchmark:1
gacos	production/corrections/gacos.py	/home/ubuntu/:3	P15:7,p15_:3,PASS_:2,smoke:3
scla_baseline	production/corrections/scla_baseline.py	/home/ubuntu/:2	P15:8,p15_:3,PASS_:3
scla_k	production/corrections/scla_k.py	/home/ubuntu/:1	P15:9,p15_:4,PASS_:6,smoke:1
scla_c	production/corrections/scla_c.py	/home/ubuntu/:1	P15:5,p15_:1,PASS_:5,smoke:1
pre_scn	production/corrections/pre_scn.py	/home/ubuntu/:1	P15:5,p15_:1,PASS_:2,smoke:1
scn	production/corrections/scn.py	/home/ubuntu/:1	P15:6,p15_:2,PASS_:3,audit:1,benchmark:3
los_timeseries	production/inversion/los_timeseries.py	/home/ubuntu/:1	P15:7,p15_:2,PASS_:3,smoke:1
point_metrics	production/products/point_metrics.py	/home/ubuntu/:1	P15:6,p15_:2,PASS_:3,smoke:1,audit:1
point_geocoding	production/products/point_geocoding.py	/home/ubuntu/:1	P15:4,p15_:1,PASS_:1
point_packaging	production/products/point_packaging.py	/home/ubuntu/:1	P15:3,p15_:1,PASS_:1
point_attributes	production/products/point_attributes.py	/home/ubuntu/:1	P15:3,p15_:1,PASS_:1
delivery_qc	production/quality/delivery_qc.py	/home/ubuntu/:1	P15:3,p15_:1,PASS_:3
